transaction_id,customer_id,amount_paid,payment_method,transaction_date
1,8270,515.68,Paypal,"2022-01-01 00:00:00"
2,1860,561.20,"Bank Transfer","2022-01-01 01:00:00"
3,6390,417.14,Paypal,"2022-01-01 02:00:00"
4,6191,465.73,Paypal,"2022-01-01 03:00:00"
5,6734,124.86,Paypal,"2022-01-01 04:00:00"
6,7265,676.19,Paypal,"2022-01-01 05:00:00"
7,1466,438.12,Cash,"2022-01-01 06:00:00"
8,5426,818.60,Cash,"2022-01-01 07:00:00"
9,6578,204.32,"Credit Card","2022-01-01 08:00:00"
10,9322,213.00,Paypal,"2022-01-01 09:00:00"
11,2685,649.30,Paypal,"2022-01-01 10:00:00"
12,1769,847.54,"Credit Card","2022-01-01 11:00:00"
13,7949,477.48,"Bank Transfer","2022-01-01 12:00:00"
14,3433,729.68,Cash,"2022-01-01 13:00:00"
15,6311,999.34,Paypal,"2022-01-01 14:00:00"
16,6051,990.36,"Bank Transfer","2022-01-01 15:00:00"
17,7420,746.89,"Bank Transfer","2022-01-01 16:00:00"
18,2184,742.19,Paypal,"2022-01-01 17:00:00"
19,5555,255.14,Paypal,"2022-01-01 18:00:00"
20,4385,835.20,"Bank Transfer","2022-01-01 19:00:00"
21,7396,411.05,Cash,"2022-01-01 20:00:00"
22,9666,962.37,Cash,"2022-01-01 21:00:00"
23,3558,90.61,Paypal,"2022-01-01 22:00:00"
24,8849,441.48,Paypal,"2022-01-01 23:00:00"
25,3047,560.28,"Credit Card","2022-01-02 00:00:00"
26,3747,411.10,"Credit Card","2022-01-02 01:00:00"
27,1189,218.47,Cash,"2022-01-02 02:00:00"
28,3734,597.06,"Credit Card","2022-01-02 03:00:00"
29,4005,758.36,"Bank Transfer","2022-01-02 04:00:00"
30,5658,648.39,"Bank Transfer","2022-01-02 05:00:00"
31,2899,242.10,"Bank Transfer","2022-01-02 06:00:00"
32,8734,734.29,"Bank Transfer","2022-01-02 07:00:00"
33,2267,264.33,Paypal,"2022-01-02 08:00:00"
34,2528,183.45,"Bank Transfer","2022-01-02 09:00:00"
35,4556,693.76,Cash,"2022-01-02 10:00:00"
36,4890,844.36,"Credit Card","2022-01-02 11:00:00"
37,9838,486.72,Cash,"2022-01-02 12:00:00"
38,6393,536.08,Paypal,"2022-01-02 13:00:00"
39,9792,309.72,"Credit Card","2022-01-02 14:00:00"
40,9433,499.67,"Credit Card","2022-01-02 15:00:00"
41,8513,140.66,"Credit Card","2022-01-02 16:00:00"
42,3612,956.27,"Bank Transfer","2022-01-02 17:00:00"
43,8041,802.36,Paypal,"2022-01-02 18:00:00"
44,7235,671.29,Cash,"2022-01-02 19:00:00"
45,6486,542.81,"Bank Transfer","2022-01-02 20:00:00"
46,8099,794.25,"Credit Card","2022-01-02 21:00:00"
47,1775,499.81,Cash,"2022-01-02 22:00:00"
48,9226,306.97,Cash,"2022-01-02 23:00:00"
49,4152,168.77,Cash,"2022-01-03 00:00:00"
50,2585,651.11,Paypal,"2022-01-03 01:00:00"
51,4943,930.13,"Bank Transfer","2022-01-03 02:00:00"
52,8555,162.08,Paypal,"2022-01-03 03:00:00"
53,4073,188.22,"Credit Card","2022-01-03 04:00:00"
54,2021,439.27,"Credit Card","2022-01-03 05:00:00"
55,4843,808.83,Cash,"2022-01-03 06:00:00"
56,8989,300.98,Cash,"2022-01-03 07:00:00"
57,7873,261.37,Cash,"2022-01-03 08:00:00"
58,6675,623.77,Paypal,"2022-01-03 09:00:00"
59,1161,540.26,"Bank Transfer","2022-01-03 10:00:00"
60,5297,69.62,Paypal,"2022-01-03 11:00:00"
61,1995,90.68,"Credit Card","2022-01-03 12:00:00"
62,8629,646.58,Cash,"2022-01-03 13:00:00"
63,2016,470.47,Cash,"2022-01-03 14:00:00"
64,8869,971.27,Paypal,"2022-01-03 15:00:00"
65,7439,681.75,"Credit Card","2022-01-03 16:00:00"
66,8892,19.97,"Bank Transfer","2022-01-03 17:00:00"
67,7863,486.21,Cash,"2022-01-03 18:00:00"
68,8916,420.30,Cash,"2022-01-03 19:00:00"
69,9529,115.65,"Credit Card","2022-01-03 20:00:00"
70,1878,923.98,Cash,"2022-01-03 21:00:00"
71,5887,806.96,"Bank Transfer","2022-01-03 22:00:00"
72,5859,237.79,Paypal,"2022-01-03 23:00:00"
73,7331,263.42,"Credit Card","2022-01-04 00:00:00"
74,9571,41.70,Cash,"2022-01-04 01:00:00"
75,9684,303.75,Cash,"2022-01-04 02:00:00"
76,8208,588.78,"Bank Transfer","2022-01-04 03:00:00"
77,6276,426.63,Paypal,"2022-01-04 04:00:00"
78,3062,969.56,"Bank Transfer","2022-01-04 05:00:00"
79,1064,65.52,Paypal,"2022-01-04 06:00:00"
80,9006,595.52,"Bank Transfer","2022-01-04 07:00:00"
81,3568,859.73,Paypal,"2022-01-04 08:00:00"
82,6463,485.93,Cash,"2022-01-04 09:00:00"
83,3027,12.93,Cash,"2022-01-04 10:00:00"
84,3695,250.37,Cash,"2022-01-04 11:00:00"
85,6258,330.53,"Credit Card","2022-01-04 12:00:00"
86,6618,966.33,Paypal,"2022-01-04 13:00:00"
87,7736,912.66,"Credit Card","2022-01-04 14:00:00"
88,1391,949.68,Paypal,"2022-01-04 15:00:00"
89,6892,827.50,Cash,"2022-01-04 16:00:00"
90,4561,358.13,"Credit Card","2022-01-04 17:00:00"
91,7184,906.82,"Credit Card","2022-01-04 18:00:00"
92,4099,981.87,"Bank Transfer","2022-01-04 19:00:00"
93,7278,356.57,Paypal,"2022-01-04 20:00:00"
94,9392,267.95,"Bank Transfer","2022-01-04 21:00:00"
95,4104,551.45,"Credit Card","2022-01-04 22:00:00"
96,8215,195.28,"Credit Card","2022-01-04 23:00:00"
97,3454,42.30,Cash,"2022-01-05 00:00:00"
98,9996,946.37,"Bank Transfer","2022-01-05 01:00:00"
99,3731,926.48,"Bank Transfer","2022-01-05 02:00:00"
100,9154,171.03,"Bank Transfer","2022-01-05 03:00:00"
101,6056,413.66,Paypal,"2022-01-05 04:00:00"
102,9110,832.73,"Credit Card","2022-01-05 05:00:00"
103,4840,664.39,"Bank Transfer","2022-01-05 06:00:00"
104,2028,400.84,Cash,"2022-01-05 07:00:00"
105,8385,746.73,"Credit Card","2022-01-05 08:00:00"
106,1502,898.08,Cash,"2022-01-05 09:00:00"
107,7910,926.90,"Credit Card","2022-01-05 10:00:00"
108,7938,385.06,Cash,"2022-01-05 11:00:00"
109,5488,181.83,"Bank Transfer","2022-01-05 12:00:00"
110,1206,913.71,"Bank Transfer","2022-01-05 13:00:00"
111,6134,101.63,Cash,"2022-01-05 14:00:00"
112,6977,724.47,Paypal,"2022-01-05 15:00:00"
113,8721,149.09,Cash,"2022-01-05 16:00:00"
114,8035,395.49,"Credit Card","2022-01-05 17:00:00"
115,2484,417.44,Cash,"2022-01-05 18:00:00"
116,8858,167.17,Cash,"2022-01-05 19:00:00"
117,1863,923.45,"Credit Card","2022-01-05 20:00:00"
118,3790,12.64,"Bank Transfer","2022-01-05 21:00:00"
119,8408,894.87,"Credit Card","2022-01-05 22:00:00"
120,9755,884.99,Cash,"2022-01-05 23:00:00"
121,6116,323.79,"Credit Card","2022-01-06 00:00:00"
122,7019,707.24,Cash,"2022-01-06 01:00:00"
123,2757,260.28,"Bank Transfer","2022-01-06 02:00:00"
124,8574,761.19,Cash,"2022-01-06 03:00:00"
125,7374,565.51,Cash,"2022-01-06 04:00:00"
126,7892,307.22,"Bank Transfer","2022-01-06 05:00:00"
127,2678,406.23,"Credit Card","2022-01-06 06:00:00"
128,4242,692.99,Paypal,"2022-01-06 07:00:00"
129,5636,907.04,Paypal,"2022-01-06 08:00:00"
130,2059,139.42,Cash,"2022-01-06 09:00:00"
131,7668,575.65,Cash,"2022-01-06 10:00:00"
132,4157,261.19,"Bank Transfer","2022-01-06 11:00:00"
133,6915,803.36,"Credit Card","2022-01-06 12:00:00"
134,3693,79.53,Paypal,"2022-01-06 13:00:00"
135,4627,692.07,Paypal,"2022-01-06 14:00:00"
136,6450,183.20,"Bank Transfer","2022-01-06 15:00:00"
137,2663,600.42,"Bank Transfer","2022-01-06 16:00:00"
138,6592,837.34,Paypal,"2022-01-06 17:00:00"
139,8392,757.53,"Credit Card","2022-01-06 18:00:00"
140,2306,755.41,"Credit Card","2022-01-06 19:00:00"
141,7776,522.67,"Credit Card","2022-01-06 20:00:00"
142,6864,891.84,Cash,"2022-01-06 21:00:00"
143,8526,592.22,"Credit Card","2022-01-06 22:00:00"
144,9901,918.34,Cash,"2022-01-06 23:00:00"
145,6575,551.06,Cash,"2022-01-07 00:00:00"
146,6530,510.91,"Bank Transfer","2022-01-07 01:00:00"
147,5413,230.13,Cash,"2022-01-07 02:00:00"
148,4748,549.34,Cash,"2022-01-07 03:00:00"
149,1663,149.18,"Bank Transfer","2022-01-07 04:00:00"
150,2998,870.99,"Credit Card","2022-01-07 05:00:00"
151,8994,679.13,"Credit Card","2022-01-07 06:00:00"
152,2495,993.70,Paypal,"2022-01-07 07:00:00"
153,4304,101.18,Paypal,"2022-01-07 08:00:00"
154,4763,248.27,Cash,"2022-01-07 09:00:00"
155,6232,878.39,Paypal,"2022-01-07 10:00:00"
156,2853,401.30,"Bank Transfer","2022-01-07 11:00:00"
157,7585,471.64,Paypal,"2022-01-07 12:00:00"
158,2291,862.05,Paypal,"2022-01-07 13:00:00"
159,4581,526.60,Cash,"2022-01-07 14:00:00"
160,8554,201.54,"Bank Transfer","2022-01-07 15:00:00"
161,8280,893.11,Paypal,"2022-01-07 16:00:00"
162,2636,40.75,"Credit Card","2022-01-07 17:00:00"
163,4696,896.44,"Bank Transfer","2022-01-07 18:00:00"
164,1698,60.02,"Bank Transfer","2022-01-07 19:00:00"
165,5737,669.19,Cash,"2022-01-07 20:00:00"
166,1854,80.96,"Bank Transfer","2022-01-07 21:00:00"
167,9164,709.15,"Bank Transfer","2022-01-07 22:00:00"
168,6855,43.63,"Bank Transfer","2022-01-07 23:00:00"
169,8392,844.03,"Bank Transfer","2022-01-08 00:00:00"
170,7528,471.28,"Bank Transfer","2022-01-08 01:00:00"
171,6249,102.52,"Bank Transfer","2022-01-08 02:00:00"
172,6172,709.75,"Bank Transfer","2022-01-08 03:00:00"
173,2707,494.40,"Credit Card","2022-01-08 04:00:00"
174,6791,199.04,"Bank Transfer","2022-01-08 05:00:00"
175,6535,25.52,Cash,"2022-01-08 06:00:00"
176,5931,423.82,"Credit Card","2022-01-08 07:00:00"
177,4510,94.77,"Bank Transfer","2022-01-08 08:00:00"
178,1202,103.23,Paypal,"2022-01-08 09:00:00"
179,5218,274.66,Cash,"2022-01-08 10:00:00"
180,9958,634.15,"Credit Card","2022-01-08 11:00:00"
181,5389,534.61,Cash,"2022-01-08 12:00:00"
182,3327,78.30,"Credit Card","2022-01-08 13:00:00"
183,9004,968.75,Paypal,"2022-01-08 14:00:00"
184,3931,888.30,Cash,"2022-01-08 15:00:00"
185,8777,266.63,Cash,"2022-01-08 16:00:00"
186,1197,131.12,"Credit Card","2022-01-08 17:00:00"
187,8125,942.98,"Credit Card","2022-01-08 18:00:00"
188,2930,466.53,Paypal,"2022-01-08 19:00:00"
189,7287,318.06,"Bank Transfer","2022-01-08 20:00:00"
190,9800,495.45,"Credit Card","2022-01-08 21:00:00"
191,5282,775.02,"Credit Card","2022-01-08 22:00:00"
192,3511,176.70,"Credit Card","2022-01-08 23:00:00"
193,1659,769.82,Paypal,"2022-01-09 00:00:00"
194,3811,751.95,"Bank Transfer","2022-01-09 01:00:00"
195,8098,543.95,"Bank Transfer","2022-01-09 02:00:00"
196,7546,867.18,Paypal,"2022-01-09 03:00:00"
197,2986,140.82,"Bank Transfer","2022-01-09 04:00:00"
198,9338,599.52,Cash,"2022-01-09 05:00:00"
199,3911,454.85,Paypal,"2022-01-09 06:00:00"
200,2734,428.07,"Credit Card","2022-01-09 07:00:00"
201,2843,260.04,"Bank Transfer","2022-01-09 08:00:00"
202,9680,378.56,Cash,"2022-01-09 09:00:00"
203,3976,117.07,Paypal,"2022-01-09 10:00:00"
204,2959,259.08,Paypal,"2022-01-09 11:00:00"
205,6759,279.25,"Credit Card","2022-01-09 12:00:00"
206,7694,723.46,"Credit Card","2022-01-09 13:00:00"
207,3385,58.06,Paypal,"2022-01-09 14:00:00"
208,5736,654.68,Cash,"2022-01-09 15:00:00"
209,2802,229.20,"Credit Card","2022-01-09 16:00:00"
210,9155,91.04,Paypal,"2022-01-09 17:00:00"
211,9120,307.80,Paypal,"2022-01-09 18:00:00"
212,7616,232.23,"Credit Card","2022-01-09 19:00:00"
213,6534,556.51,"Bank Transfer","2022-01-09 20:00:00"
214,5061,363.80,Cash,"2022-01-09 21:00:00"
215,1262,966.33,"Bank Transfer","2022-01-09 22:00:00"
216,7287,963.91,"Bank Transfer","2022-01-09 23:00:00"
217,9815,449.28,Cash,"2022-01-10 00:00:00"
218,3049,797.14,Cash,"2022-01-10 01:00:00"
219,6423,23.14,"Credit Card","2022-01-10 02:00:00"
220,5548,552.33,"Credit Card","2022-01-10 03:00:00"
221,4108,745.87,"Credit Card","2022-01-10 04:00:00"
222,8158,224.77,Cash,"2022-01-10 05:00:00"
223,8400,70.56,"Bank Transfer","2022-01-10 06:00:00"
224,4170,164.36,Cash,"2022-01-10 07:00:00"
225,3255,447.43,"Credit Card","2022-01-10 08:00:00"
226,2154,511.31,"Bank Transfer","2022-01-10 09:00:00"
227,5499,387.08,"Credit Card","2022-01-10 10:00:00"
228,7295,445.57,"Bank Transfer","2022-01-10 11:00:00"
229,7197,475.53,"Credit Card","2022-01-10 12:00:00"
230,2648,771.74,Cash,"2022-01-10 13:00:00"
231,6539,114.19,Paypal,"2022-01-10 14:00:00"
232,5199,771.26,Paypal,"2022-01-10 15:00:00"
233,9445,691.74,"Bank Transfer","2022-01-10 16:00:00"
234,3557,744.24,Cash,"2022-01-10 17:00:00"
235,6592,737.12,"Credit Card","2022-01-10 18:00:00"
236,1098,475.89,"Bank Transfer","2022-01-10 19:00:00"
237,3200,219.29,"Bank Transfer","2022-01-10 20:00:00"
238,3961,541.26,"Credit Card","2022-01-10 21:00:00"
239,5973,958.40,"Credit Card","2022-01-10 22:00:00"
240,5433,592.64,"Credit Card","2022-01-10 23:00:00"
241,3869,20.94,Cash,"2022-01-11 00:00:00"
242,1956,69.11,Paypal,"2022-01-11 01:00:00"
243,9352,992.93,"Bank Transfer","2022-01-11 02:00:00"
244,6699,81.23,"Bank Transfer","2022-01-11 03:00:00"
245,7944,55.58,Paypal,"2022-01-11 04:00:00"
246,5493,359.49,"Bank Transfer","2022-01-11 05:00:00"
247,5911,969.62,Cash,"2022-01-11 06:00:00"
248,4987,325.49,"Credit Card","2022-01-11 07:00:00"
249,7015,415.79,Paypal,"2022-01-11 08:00:00"
250,2218,637.74,Cash,"2022-01-11 09:00:00"
251,5496,33.87,"Credit Card","2022-01-11 10:00:00"
252,5735,898.79,Paypal,"2022-01-11 11:00:00"
253,5555,524.25,Cash,"2022-01-11 12:00:00"
254,9050,472.14,Paypal,"2022-01-11 13:00:00"
255,4446,862.12,Paypal,"2022-01-11 14:00:00"
256,2045,953.55,Cash,"2022-01-11 15:00:00"
257,7893,429.19,"Bank Transfer","2022-01-11 16:00:00"
258,2693,180.72,Cash,"2022-01-11 17:00:00"
259,4436,817.55,Paypal,"2022-01-11 18:00:00"
260,9754,409.23,Paypal,"2022-01-11 19:00:00"
261,6895,936.19,Cash,"2022-01-11 20:00:00"
262,4354,950.40,"Credit Card","2022-01-11 21:00:00"
263,1225,123.68,"Credit Card","2022-01-11 22:00:00"
264,5893,956.99,"Credit Card","2022-01-11 23:00:00"
265,8022,374.59,"Credit Card","2022-01-12 00:00:00"
266,6600,649.79,Cash,"2022-01-12 01:00:00"
267,8996,44.40,"Bank Transfer","2022-01-12 02:00:00"
268,8683,890.00,"Credit Card","2022-01-12 03:00:00"
269,5642,645.18,Paypal,"2022-01-12 04:00:00"
270,8679,647.12,"Credit Card","2022-01-12 05:00:00"
271,9208,903.15,"Bank Transfer","2022-01-12 06:00:00"
272,8339,513.26,Cash,"2022-01-12 07:00:00"
273,3205,416.41,"Bank Transfer","2022-01-12 08:00:00"
274,2069,867.47,"Bank Transfer","2022-01-12 09:00:00"
275,4444,745.00,"Bank Transfer","2022-01-12 10:00:00"
276,2060,949.49,"Credit Card","2022-01-12 11:00:00"
277,3327,940.72,"Credit Card","2022-01-12 12:00:00"
278,4420,388.50,"Bank Transfer","2022-01-12 13:00:00"
279,1301,452.52,Cash,"2022-01-12 14:00:00"
280,1606,263.43,"Credit Card","2022-01-12 15:00:00"
281,4170,664.04,Cash,"2022-01-12 16:00:00"
282,1699,370.90,"Credit Card","2022-01-12 17:00:00"
283,6088,788.24,Cash,"2022-01-12 18:00:00"
284,1190,130.34,"Credit Card","2022-01-12 19:00:00"
285,1980,125.24,"Bank Transfer","2022-01-12 20:00:00"
286,3975,212.41,Paypal,"2022-01-12 21:00:00"
287,7102,93.45,Paypal,"2022-01-12 22:00:00"
288,2184,623.83,Cash,"2022-01-12 23:00:00"
289,4327,155.88,Cash,"2022-01-13 00:00:00"
290,4394,168.36,"Bank Transfer","2022-01-13 01:00:00"
291,9319,24.09,"Bank Transfer","2022-01-13 02:00:00"
292,2816,784.27,Cash,"2022-01-13 03:00:00"
293,6854,814.17,Paypal,"2022-01-13 04:00:00"
294,7709,170.40,"Bank Transfer","2022-01-13 05:00:00"
295,1569,742.13,Cash,"2022-01-13 06:00:00"
296,6442,439.21,"Bank Transfer","2022-01-13 07:00:00"
297,2895,247.20,"Bank Transfer","2022-01-13 08:00:00"
298,3733,625.17,"Credit Card","2022-01-13 09:00:00"
299,4863,186.70,"Bank Transfer","2022-01-13 10:00:00"
300,8455,759.31,Cash,"2022-01-13 11:00:00"
301,5014,57.14,"Bank Transfer","2022-01-13 12:00:00"
302,2686,959.54,Cash,"2022-01-13 13:00:00"
303,4009,81.16,"Credit Card","2022-01-13 14:00:00"
304,8806,583.65,"Credit Card","2022-01-13 15:00:00"
305,1154,903.17,Paypal,"2022-01-13 16:00:00"
306,2409,21.79,"Credit Card","2022-01-13 17:00:00"
307,1784,503.53,"Credit Card","2022-01-13 18:00:00"
308,9096,356.51,Cash,"2022-01-13 19:00:00"
309,8560,584.53,Paypal,"2022-01-13 20:00:00"
310,8343,233.20,"Credit Card","2022-01-13 21:00:00"
311,8206,74.25,"Bank Transfer","2022-01-13 22:00:00"
312,6596,629.67,Paypal,"2022-01-13 23:00:00"
313,6801,422.68,"Credit Card","2022-01-14 00:00:00"
314,3806,626.26,Paypal,"2022-01-14 01:00:00"
315,1537,218.43,"Credit Card","2022-01-14 02:00:00"
316,6986,345.35,Cash,"2022-01-14 03:00:00"
317,2841,566.06,Paypal,"2022-01-14 04:00:00"
318,9716,597.18,Paypal,"2022-01-14 05:00:00"
319,7971,378.59,"Credit Card","2022-01-14 06:00:00"
320,6625,287.25,Paypal,"2022-01-14 07:00:00"
321,3950,280.96,"Credit Card","2022-01-14 08:00:00"
322,8992,182.95,"Bank Transfer","2022-01-14 09:00:00"
323,5780,332.15,Paypal,"2022-01-14 10:00:00"
324,3368,207.45,Paypal,"2022-01-14 11:00:00"
325,7655,637.48,Cash,"2022-01-14 12:00:00"
326,9173,573.38,Cash,"2022-01-14 13:00:00"
327,5495,388.76,Paypal,"2022-01-14 14:00:00"
328,7002,332.57,Cash,"2022-01-14 15:00:00"
329,7614,245.24,Paypal,"2022-01-14 16:00:00"
330,6919,540.10,"Credit Card","2022-01-14 17:00:00"
331,1853,919.71,Paypal,"2022-01-14 18:00:00"
332,5146,688.85,Paypal,"2022-01-14 19:00:00"
333,4769,746.97,"Bank Transfer","2022-01-14 20:00:00"
334,1574,836.03,Cash,"2022-01-14 21:00:00"
335,2148,358.12,Cash,"2022-01-14 22:00:00"
336,7293,72.25,"Bank Transfer","2022-01-14 23:00:00"
337,7457,626.33,"Credit Card","2022-01-15 00:00:00"
338,8509,196.79,"Credit Card","2022-01-15 01:00:00"
339,5777,573.35,"Credit Card","2022-01-15 02:00:00"
340,4854,742.12,"Bank Transfer","2022-01-15 03:00:00"
341,3491,785.80,Paypal,"2022-01-15 04:00:00"
342,4124,308.82,"Credit Card","2022-01-15 05:00:00"
343,6691,517.31,"Credit Card","2022-01-15 06:00:00"
344,4051,624.76,"Bank Transfer","2022-01-15 07:00:00"
345,1004,821.29,Cash,"2022-01-15 08:00:00"
346,6222,763.77,"Bank Transfer","2022-01-15 09:00:00"
347,6315,988.10,Cash,"2022-01-15 10:00:00"
348,5869,18.00,"Credit Card","2022-01-15 11:00:00"
349,1876,443.11,"Credit Card","2022-01-15 12:00:00"
350,8027,263.48,Paypal,"2022-01-15 13:00:00"
351,5142,128.69,Paypal,"2022-01-15 14:00:00"
352,7966,912.40,Cash,"2022-01-15 15:00:00"
353,8079,997.98,"Credit Card","2022-01-15 16:00:00"
354,8987,188.79,"Credit Card","2022-01-15 17:00:00"
355,7799,48.05,"Bank Transfer","2022-01-15 18:00:00"
356,5465,282.30,"Credit Card","2022-01-15 19:00:00"
357,1635,836.51,"Credit Card","2022-01-15 20:00:00"
358,2693,300.95,"Bank Transfer","2022-01-15 21:00:00"
359,5752,66.33,"Bank Transfer","2022-01-15 22:00:00"
360,9311,61.97,"Credit Card","2022-01-15 23:00:00"
361,1830,433.15,Paypal,"2022-01-16 00:00:00"
362,6177,932.51,Paypal,"2022-01-16 01:00:00"
363,9932,293.06,"Credit Card","2022-01-16 02:00:00"
364,9308,432.89,Paypal,"2022-01-16 03:00:00"
365,6949,110.91,"Bank Transfer","2022-01-16 04:00:00"
366,3838,498.64,Paypal,"2022-01-16 05:00:00"
367,2150,699.58,"Credit Card","2022-01-16 06:00:00"
368,8560,278.44,Paypal,"2022-01-16 07:00:00"
369,2931,303.74,"Credit Card","2022-01-16 08:00:00"
370,2664,843.56,Paypal,"2022-01-16 09:00:00"
371,2081,20.26,"Credit Card","2022-01-16 10:00:00"
372,1512,640.11,"Credit Card","2022-01-16 11:00:00"
373,8805,399.95,Paypal,"2022-01-16 12:00:00"
374,6237,305.40,Paypal,"2022-01-16 13:00:00"
375,1559,661.02,"Bank Transfer","2022-01-16 14:00:00"
376,4672,836.32,Cash,"2022-01-16 15:00:00"
377,8404,562.81,"Credit Card","2022-01-16 16:00:00"
378,4343,40.78,"Credit Card","2022-01-16 17:00:00"
379,5070,466.79,"Credit Card","2022-01-16 18:00:00"
380,1580,468.13,"Credit Card","2022-01-16 19:00:00"
381,8004,548.36,Paypal,"2022-01-16 20:00:00"
382,9130,674.25,Paypal,"2022-01-16 21:00:00"
383,4147,29.13,Cash,"2022-01-16 22:00:00"
384,5249,506.99,"Credit Card","2022-01-16 23:00:00"
385,2679,592.42,Cash,"2022-01-17 00:00:00"
386,4506,349.92,"Bank Transfer","2022-01-17 01:00:00"
387,8253,671.68,Cash,"2022-01-17 02:00:00"
388,3744,235.90,Cash,"2022-01-17 03:00:00"
389,6188,324.20,"Bank Transfer","2022-01-17 04:00:00"
390,3141,963.13,"Bank Transfer","2022-01-17 05:00:00"
391,7617,354.59,Cash,"2022-01-17 06:00:00"
392,3479,353.04,"Bank Transfer","2022-01-17 07:00:00"
393,7484,599.72,Cash,"2022-01-17 08:00:00"
394,8421,971.27,Paypal,"2022-01-17 09:00:00"
395,5452,983.25,Paypal,"2022-01-17 10:00:00"
396,6881,583.86,Cash,"2022-01-17 11:00:00"
397,7665,11.08,"Bank Transfer","2022-01-17 12:00:00"
398,3849,901.65,"Bank Transfer","2022-01-17 13:00:00"
399,8390,574.54,Paypal,"2022-01-17 14:00:00"
400,7905,372.34,Paypal,"2022-01-17 15:00:00"
401,3489,830.90,"Bank Transfer","2022-01-17 16:00:00"
402,5611,405.83,"Bank Transfer","2022-01-17 17:00:00"
403,3839,43.70,"Bank Transfer","2022-01-17 18:00:00"
404,9527,822.86,"Bank Transfer","2022-01-17 19:00:00"
405,6878,550.40,Cash,"2022-01-17 20:00:00"
406,7303,344.76,"Bank Transfer","2022-01-17 21:00:00"
407,1851,258.38,Paypal,"2022-01-17 22:00:00"
408,2687,597.86,Paypal,"2022-01-17 23:00:00"
409,7833,215.97,"Credit Card","2022-01-18 00:00:00"
410,3427,330.61,"Bank Transfer","2022-01-18 01:00:00"
411,5000,640.17,Cash,"2022-01-18 02:00:00"
412,6052,882.73,"Credit Card","2022-01-18 03:00:00"
413,3738,537.56,"Credit Card","2022-01-18 04:00:00"
414,6732,761.52,Cash,"2022-01-18 05:00:00"
415,6387,765.43,"Credit Card","2022-01-18 06:00:00"
416,9002,667.71,"Credit Card","2022-01-18 07:00:00"
417,6536,253.38,Paypal,"2022-01-18 08:00:00"
418,4913,868.12,"Credit Card","2022-01-18 09:00:00"
419,2066,441.91,Cash,"2022-01-18 10:00:00"
420,8723,53.77,"Bank Transfer","2022-01-18 11:00:00"
421,5380,252.17,"Bank Transfer","2022-01-18 12:00:00"
422,5107,767.89,"Bank Transfer","2022-01-18 13:00:00"
423,6726,78.44,Paypal,"2022-01-18 14:00:00"
424,4373,155.89,Paypal,"2022-01-18 15:00:00"
425,9945,697.28,Paypal,"2022-01-18 16:00:00"
426,3082,893.67,Cash,"2022-01-18 17:00:00"
427,9967,637.39,"Bank Transfer","2022-01-18 18:00:00"
428,7748,230.07,Cash,"2022-01-18 19:00:00"
429,1417,62.88,Cash,"2022-01-18 20:00:00"
430,9306,618.98,"Credit Card","2022-01-18 21:00:00"
431,9808,56.92,"Bank Transfer","2022-01-18 22:00:00"
432,4974,616.59,"Credit Card","2022-01-18 23:00:00"
433,4267,233.32,Paypal,"2022-01-19 00:00:00"
434,1825,905.61,Paypal,"2022-01-19 01:00:00"
435,8668,480.34,Cash,"2022-01-19 02:00:00"
436,6745,231.70,Cash,"2022-01-19 03:00:00"
437,1412,854.61,"Credit Card","2022-01-19 04:00:00"
438,8543,261.50,"Credit Card","2022-01-19 05:00:00"
439,8587,313.53,Cash,"2022-01-19 06:00:00"
440,1728,835.94,"Bank Transfer","2022-01-19 07:00:00"
441,8164,315.70,Cash,"2022-01-19 08:00:00"
442,9867,416.06,"Bank Transfer","2022-01-19 09:00:00"
443,6988,354.19,"Credit Card","2022-01-19 10:00:00"
444,3504,125.24,Paypal,"2022-01-19 11:00:00"
445,3967,48.51,Paypal,"2022-01-19 12:00:00"
446,3786,727.30,"Credit Card","2022-01-19 13:00:00"
447,2122,648.69,"Credit Card","2022-01-19 14:00:00"
448,5079,289.54,Paypal,"2022-01-19 15:00:00"
449,2571,302.64,"Bank Transfer","2022-01-19 16:00:00"
450,6073,945.56,"Credit Card","2022-01-19 17:00:00"
451,6104,987.79,"Bank Transfer","2022-01-19 18:00:00"
452,3143,478.70,"Bank Transfer","2022-01-19 19:00:00"
453,7806,804.43,Paypal,"2022-01-19 20:00:00"
454,8357,739.32,"Bank Transfer","2022-01-19 21:00:00"
455,4440,304.34,Paypal,"2022-01-19 22:00:00"
456,4766,67.98,"Credit Card","2022-01-19 23:00:00"
457,6644,151.13,Cash,"2022-01-20 00:00:00"
458,3914,839.91,Cash,"2022-01-20 01:00:00"
459,5968,733.90,Cash,"2022-01-20 02:00:00"
460,6917,667.69,Cash,"2022-01-20 03:00:00"
461,9787,139.34,Cash,"2022-01-20 04:00:00"
462,1728,643.53,Cash,"2022-01-20 05:00:00"
463,2365,774.43,"Bank Transfer","2022-01-20 06:00:00"
464,5492,862.00,"Bank Transfer","2022-01-20 07:00:00"
465,1698,23.10,Cash,"2022-01-20 08:00:00"
466,8186,687.63,"Credit Card","2022-01-20 09:00:00"
467,1395,28.91,"Credit Card","2022-01-20 10:00:00"
468,8400,709.80,"Bank Transfer","2022-01-20 11:00:00"
469,9082,639.27,"Bank Transfer","2022-01-20 12:00:00"
470,5171,156.86,Cash,"2022-01-20 13:00:00"
471,5360,768.46,"Credit Card","2022-01-20 14:00:00"
472,3502,77.66,Paypal,"2022-01-20 15:00:00"
473,1717,828.13,Cash,"2022-01-20 16:00:00"
474,3782,269.31,"Bank Transfer","2022-01-20 17:00:00"
475,5946,691.96,"Bank Transfer","2022-01-20 18:00:00"
476,6486,924.45,"Bank Transfer","2022-01-20 19:00:00"
477,9335,346.43,Paypal,"2022-01-20 20:00:00"
478,5980,507.87,"Credit Card","2022-01-20 21:00:00"
479,8266,468.49,"Bank Transfer","2022-01-20 22:00:00"
480,5491,166.04,Cash,"2022-01-20 23:00:00"
481,8192,594.41,Paypal,"2022-01-21 00:00:00"
482,6588,745.57,"Credit Card","2022-01-21 01:00:00"
483,8651,917.71,Cash,"2022-01-21 02:00:00"
484,4636,852.29,Cash,"2022-01-21 03:00:00"
485,2167,514.92,Paypal,"2022-01-21 04:00:00"
486,2062,721.83,Paypal,"2022-01-21 05:00:00"
487,3156,802.78,Paypal,"2022-01-21 06:00:00"
488,8860,498.55,"Bank Transfer","2022-01-21 07:00:00"
489,6161,124.27,"Credit Card","2022-01-21 08:00:00"
490,6305,443.55,"Bank Transfer","2022-01-21 09:00:00"
491,7541,844.05,Paypal,"2022-01-21 10:00:00"
492,5729,600.67,Paypal,"2022-01-21 11:00:00"
493,8330,727.21,Paypal,"2022-01-21 12:00:00"
494,6334,193.42,"Bank Transfer","2022-01-21 13:00:00"
495,9924,964.69,Cash,"2022-01-21 14:00:00"
496,5330,410.04,Paypal,"2022-01-21 15:00:00"
497,9010,657.10,"Bank Transfer","2022-01-21 16:00:00"
498,7801,28.68,Paypal,"2022-01-21 17:00:00"
499,5846,136.05,"Bank Transfer","2022-01-21 18:00:00"
500,7731,784.21,"Credit Card","2022-01-21 19:00:00"
501,8241,968.29,"Credit Card","2022-01-21 20:00:00"
502,1953,326.85,"Bank Transfer","2022-01-21 21:00:00"
503,3539,46.81,Paypal,"2022-01-21 22:00:00"
504,8056,367.26,"Bank Transfer","2022-01-21 23:00:00"
505,2542,27.29,"Credit Card","2022-01-22 00:00:00"
506,6293,200.45,"Bank Transfer","2022-01-22 01:00:00"
507,2191,754.95,"Credit Card","2022-01-22 02:00:00"
508,7313,937.72,"Credit Card","2022-01-22 03:00:00"
509,7938,96.57,Cash,"2022-01-22 04:00:00"
510,3681,562.32,Paypal,"2022-01-22 05:00:00"
511,2540,261.34,"Bank Transfer","2022-01-22 06:00:00"
512,7172,147.67,Paypal,"2022-01-22 07:00:00"
513,6541,226.79,Paypal,"2022-01-22 08:00:00"
514,2365,581.99,"Credit Card","2022-01-22 09:00:00"
515,9691,74.48,"Credit Card","2022-01-22 10:00:00"
516,9702,439.88,"Bank Transfer","2022-01-22 11:00:00"
517,8494,143.88,"Bank Transfer","2022-01-22 12:00:00"
518,5312,279.95,"Bank Transfer","2022-01-22 13:00:00"
519,2324,198.85,"Credit Card","2022-01-22 14:00:00"
520,4141,884.15,Cash,"2022-01-22 15:00:00"
521,8419,710.93,"Bank Transfer","2022-01-22 16:00:00"
522,4486,869.78,"Credit Card","2022-01-22 17:00:00"
523,2810,389.63,Cash,"2022-01-22 18:00:00"
524,7588,320.28,Paypal,"2022-01-22 19:00:00"
525,3923,386.78,"Credit Card","2022-01-22 20:00:00"
526,6301,28.36,"Bank Transfer","2022-01-22 21:00:00"
527,5186,727.46,"Bank Transfer","2022-01-22 22:00:00"
528,9905,356.27,Cash,"2022-01-22 23:00:00"
529,6977,320.19,Cash,"2022-01-23 00:00:00"
530,5268,602.16,"Credit Card","2022-01-23 01:00:00"
531,5748,441.89,Cash,"2022-01-23 02:00:00"
532,5849,981.03,"Credit Card","2022-01-23 03:00:00"
533,4709,362.69,Cash,"2022-01-23 04:00:00"
534,7619,617.76,Paypal,"2022-01-23 05:00:00"
535,9647,318.53,"Bank Transfer","2022-01-23 06:00:00"
536,4072,990.69,"Bank Transfer","2022-01-23 07:00:00"
537,7530,450.66,Paypal,"2022-01-23 08:00:00"
538,1504,637.79,"Bank Transfer","2022-01-23 09:00:00"
539,2214,135.45,"Bank Transfer","2022-01-23 10:00:00"
540,2531,735.69,"Bank Transfer","2022-01-23 11:00:00"
541,8576,276.52,"Bank Transfer","2022-01-23 12:00:00"
542,1823,454.13,Paypal,"2022-01-23 13:00:00"
543,1928,884.30,"Credit Card","2022-01-23 14:00:00"
544,6029,970.85,"Bank Transfer","2022-01-23 15:00:00"
545,1133,430.33,Paypal,"2022-01-23 16:00:00"
546,3105,836.45,"Bank Transfer","2022-01-23 17:00:00"
547,4627,62.82,Paypal,"2022-01-23 18:00:00"
548,7316,849.10,Paypal,"2022-01-23 19:00:00"
549,2852,633.22,"Credit Card","2022-01-23 20:00:00"
550,5910,493.82,Cash,"2022-01-23 21:00:00"
551,5175,891.06,"Credit Card","2022-01-23 22:00:00"
552,6348,846.88,"Credit Card","2022-01-23 23:00:00"
553,7190,303.98,"Bank Transfer","2022-01-24 00:00:00"
554,2256,793.57,Paypal,"2022-01-24 01:00:00"
555,4376,108.50,Cash,"2022-01-24 02:00:00"
556,6645,824.54,Paypal,"2022-01-24 03:00:00"
557,4486,678.70,"Bank Transfer","2022-01-24 04:00:00"
558,4584,96.99,Paypal,"2022-01-24 05:00:00"
559,9053,686.25,"Bank Transfer","2022-01-24 06:00:00"
560,4330,584.71,"Credit Card","2022-01-24 07:00:00"
561,3703,598.60,"Credit Card","2022-01-24 08:00:00"
562,9662,297.96,"Bank Transfer","2022-01-24 09:00:00"
563,9120,273.83,"Credit Card","2022-01-24 10:00:00"
564,8114,764.91,Paypal,"2022-01-24 11:00:00"
565,2353,264.25,Cash,"2022-01-24 12:00:00"
566,6063,451.80,Cash,"2022-01-24 13:00:00"
567,9549,697.84,Paypal,"2022-01-24 14:00:00"
568,8575,88.82,Cash,"2022-01-24 15:00:00"
569,1667,598.60,Paypal,"2022-01-24 16:00:00"
570,5468,593.48,"Bank Transfer","2022-01-24 17:00:00"
571,7819,687.39,Cash,"2022-01-24 18:00:00"
572,4719,376.23,"Bank Transfer","2022-01-24 19:00:00"
573,3745,454.49,"Bank Transfer","2022-01-24 20:00:00"
574,8483,336.67,Paypal,"2022-01-24 21:00:00"
575,1539,810.09,Cash,"2022-01-24 22:00:00"
576,5964,139.30,"Credit Card","2022-01-24 23:00:00"
577,5835,963.32,"Credit Card","2022-01-25 00:00:00"
578,4775,638.49,"Credit Card","2022-01-25 01:00:00"
579,7042,888.04,"Credit Card","2022-01-25 02:00:00"
580,8102,431.97,Paypal,"2022-01-25 03:00:00"
581,8312,338.96,"Bank Transfer","2022-01-25 04:00:00"
582,6320,901.72,Cash,"2022-01-25 05:00:00"
583,7132,107.88,Paypal,"2022-01-25 06:00:00"
584,8891,125.94,"Credit Card","2022-01-25 07:00:00"
585,3779,306.35,Cash,"2022-01-25 08:00:00"
586,1924,960.18,Paypal,"2022-01-25 09:00:00"
587,2581,636.74,"Bank Transfer","2022-01-25 10:00:00"
588,8714,558.65,"Credit Card","2022-01-25 11:00:00"
589,4324,708.30,Cash,"2022-01-25 12:00:00"
590,6713,423.30,Cash,"2022-01-25 13:00:00"
591,8026,760.49,"Credit Card","2022-01-25 14:00:00"
592,1255,399.30,"Bank Transfer","2022-01-25 15:00:00"
593,5804,828.10,"Credit Card","2022-01-25 16:00:00"
594,2838,274.62,"Bank Transfer","2022-01-25 17:00:00"
595,1009,284.77,Cash,"2022-01-25 18:00:00"
596,3871,527.16,"Credit Card","2022-01-25 19:00:00"
597,9989,436.45,"Bank Transfer","2022-01-25 20:00:00"
598,8409,651.63,"Bank Transfer","2022-01-25 21:00:00"
599,8418,370.65,Paypal,"2022-01-25 22:00:00"
600,6124,238.25,"Bank Transfer","2022-01-25 23:00:00"
601,2015,475.11,"Credit Card","2022-01-26 00:00:00"
602,3193,565.35,"Credit Card","2022-01-26 01:00:00"
603,9415,151.17,"Bank Transfer","2022-01-26 02:00:00"
604,8449,561.15,"Credit Card","2022-01-26 03:00:00"
605,5158,326.06,Cash,"2022-01-26 04:00:00"
606,4925,398.53,Cash,"2022-01-26 05:00:00"
607,7970,286.52,"Credit Card","2022-01-26 06:00:00"
608,7938,932.10,"Bank Transfer","2022-01-26 07:00:00"
609,5784,686.50,Cash,"2022-01-26 08:00:00"
610,5000,269.84,"Bank Transfer","2022-01-26 09:00:00"
611,2633,648.58,"Credit Card","2022-01-26 10:00:00"
612,8266,850.09,Paypal,"2022-01-26 11:00:00"
613,9702,407.61,Cash,"2022-01-26 12:00:00"
614,1384,831.66,"Credit Card","2022-01-26 13:00:00"
615,1404,162.87,Cash,"2022-01-26 14:00:00"
616,9175,824.55,"Bank Transfer","2022-01-26 15:00:00"
617,3000,544.89,Paypal,"2022-01-26 16:00:00"
618,6989,230.74,Paypal,"2022-01-26 17:00:00"
619,2460,413.07,"Credit Card","2022-01-26 18:00:00"
620,8190,988.11,Cash,"2022-01-26 19:00:00"
621,8140,785.72,Paypal,"2022-01-26 20:00:00"
622,4636,579.34,Cash,"2022-01-26 21:00:00"
623,5809,124.01,"Bank Transfer","2022-01-26 22:00:00"
624,5178,423.63,"Bank Transfer","2022-01-26 23:00:00"
625,8245,270.42,"Credit Card","2022-01-27 00:00:00"
626,7600,80.29,Paypal,"2022-01-27 01:00:00"
627,6997,546.78,Paypal,"2022-01-27 02:00:00"
628,3048,890.29,Cash,"2022-01-27 03:00:00"
629,5780,678.84,"Bank Transfer","2022-01-27 04:00:00"
630,1716,257.18,Paypal,"2022-01-27 05:00:00"
631,8939,577.85,"Credit Card","2022-01-27 06:00:00"
632,6565,943.80,"Credit Card","2022-01-27 07:00:00"
633,5544,725.69,Paypal,"2022-01-27 08:00:00"
634,5976,692.58,"Credit Card","2022-01-27 09:00:00"
635,4419,968.48,Paypal,"2022-01-27 10:00:00"
636,8239,800.88,Paypal,"2022-01-27 11:00:00"
637,1249,145.26,Paypal,"2022-01-27 12:00:00"
638,9865,354.16,Paypal,"2022-01-27 13:00:00"
639,1770,965.49,Cash,"2022-01-27 14:00:00"
640,5363,494.81,Paypal,"2022-01-27 15:00:00"
641,2077,120.52,"Credit Card","2022-01-27 16:00:00"
642,9427,464.02,"Bank Transfer","2022-01-27 17:00:00"
643,9580,700.02,Cash,"2022-01-27 18:00:00"
644,8901,997.57,"Bank Transfer","2022-01-27 19:00:00"
645,5858,330.67,"Bank Transfer","2022-01-27 20:00:00"
646,7544,518.95,"Bank Transfer","2022-01-27 21:00:00"
647,5719,880.88,"Bank Transfer","2022-01-27 22:00:00"
648,3814,361.71,"Bank Transfer","2022-01-27 23:00:00"
649,4374,118.17,"Credit Card","2022-01-28 00:00:00"
650,2252,949.45,Paypal,"2022-01-28 01:00:00"
651,7996,493.56,"Credit Card","2022-01-28 02:00:00"
652,5673,507.76,Cash,"2022-01-28 03:00:00"
653,5530,624.99,"Credit Card","2022-01-28 04:00:00"
654,7881,13.50,Cash,"2022-01-28 05:00:00"
655,7949,931.82,Paypal,"2022-01-28 06:00:00"
656,7241,367.84,"Bank Transfer","2022-01-28 07:00:00"
657,9017,402.96,Paypal,"2022-01-28 08:00:00"
658,7941,182.37,"Credit Card","2022-01-28 09:00:00"
659,8002,384.37,"Credit Card","2022-01-28 10:00:00"
660,2331,805.90,Paypal,"2022-01-28 11:00:00"
661,5261,801.99,Paypal,"2022-01-28 12:00:00"
662,8648,936.44,"Credit Card","2022-01-28 13:00:00"
663,6115,409.20,Paypal,"2022-01-28 14:00:00"
664,5637,711.63,Cash,"2022-01-28 15:00:00"
665,5854,512.17,Cash,"2022-01-28 16:00:00"
666,4177,805.98,"Credit Card","2022-01-28 17:00:00"
667,8730,715.42,"Credit Card","2022-01-28 18:00:00"
668,3180,374.22,Paypal,"2022-01-28 19:00:00"
669,5892,343.31,Paypal,"2022-01-28 20:00:00"
670,8043,259.92,"Bank Transfer","2022-01-28 21:00:00"
671,1137,580.75,Cash,"2022-01-28 22:00:00"
672,7327,964.20,"Credit Card","2022-01-28 23:00:00"
673,4472,208.07,"Credit Card","2022-01-29 00:00:00"
674,6449,104.30,"Credit Card","2022-01-29 01:00:00"
675,3832,128.21,"Credit Card","2022-01-29 02:00:00"
676,4579,785.27,"Bank Transfer","2022-01-29 03:00:00"
677,6971,356.60,Cash,"2022-01-29 04:00:00"
678,5164,232.12,"Bank Transfer","2022-01-29 05:00:00"
679,8941,359.32,Cash,"2022-01-29 06:00:00"
680,6569,648.88,"Credit Card","2022-01-29 07:00:00"
681,5300,551.32,Cash,"2022-01-29 08:00:00"
682,7269,746.15,"Credit Card","2022-01-29 09:00:00"
683,4818,345.68,"Bank Transfer","2022-01-29 10:00:00"
684,2906,457.51,Cash,"2022-01-29 11:00:00"
685,7254,110.95,Paypal,"2022-01-29 12:00:00"
686,1760,82.33,Cash,"2022-01-29 13:00:00"
687,8830,467.63,"Credit Card","2022-01-29 14:00:00"
688,8350,308.58,Paypal,"2022-01-29 15:00:00"
689,7238,616.67,"Credit Card","2022-01-29 16:00:00"
690,7090,52.57,Paypal,"2022-01-29 17:00:00"
691,7031,130.55,Paypal,"2022-01-29 18:00:00"
692,8687,866.54,Cash,"2022-01-29 19:00:00"
693,9472,570.65,Cash,"2022-01-29 20:00:00"
694,2887,714.93,Paypal,"2022-01-29 21:00:00"
695,4266,843.55,Paypal,"2022-01-29 22:00:00"
696,1666,469.20,Paypal,"2022-01-29 23:00:00"
697,5188,763.45,"Credit Card","2022-01-30 00:00:00"
698,1671,529.34,Cash,"2022-01-30 01:00:00"
699,7777,230.52,"Credit Card","2022-01-30 02:00:00"
700,8570,344.28,Cash,"2022-01-30 03:00:00"
701,8956,495.45,"Bank Transfer","2022-01-30 04:00:00"
702,6124,323.72,"Credit Card","2022-01-30 05:00:00"
703,6585,342.17,Cash,"2022-01-30 06:00:00"
704,5777,344.02,Paypal,"2022-01-30 07:00:00"
705,4900,131.61,Paypal,"2022-01-30 08:00:00"
706,7677,93.80,Cash,"2022-01-30 09:00:00"
707,7981,56.03,Paypal,"2022-01-30 10:00:00"
708,7376,119.85,Paypal,"2022-01-30 11:00:00"
709,1523,350.27,"Bank Transfer","2022-01-30 12:00:00"
710,3393,597.93,"Bank Transfer","2022-01-30 13:00:00"
711,3593,196.27,"Bank Transfer","2022-01-30 14:00:00"
712,8240,889.13,"Credit Card","2022-01-30 15:00:00"
713,7937,810.30,"Bank Transfer","2022-01-30 16:00:00"
714,7190,525.32,"Bank Transfer","2022-01-30 17:00:00"
715,6240,726.97,"Bank Transfer","2022-01-30 18:00:00"
716,7493,372.67,Cash,"2022-01-30 19:00:00"
717,3878,46.41,Paypal,"2022-01-30 20:00:00"
718,5143,905.29,Cash,"2022-01-30 21:00:00"
719,4644,136.52,"Bank Transfer","2022-01-30 22:00:00"
720,5432,948.46,"Credit Card","2022-01-30 23:00:00"
721,2276,576.16,Cash,"2022-01-31 00:00:00"
722,6811,312.51,"Bank Transfer","2022-01-31 01:00:00"
723,1302,500.57,"Credit Card","2022-01-31 02:00:00"
724,1638,506.61,"Credit Card","2022-01-31 03:00:00"
725,1055,33.05,"Credit Card","2022-01-31 04:00:00"
726,9717,361.91,Paypal,"2022-01-31 05:00:00"
727,9150,742.47,"Credit Card","2022-01-31 06:00:00"
728,3125,514.97,"Bank Transfer","2022-01-31 07:00:00"
729,1364,251.79,Cash,"2022-01-31 08:00:00"
730,7809,341.76,Cash,"2022-01-31 09:00:00"
731,5621,864.42,"Bank Transfer","2022-01-31 10:00:00"
732,6126,530.29,Paypal,"2022-01-31 11:00:00"
733,6122,533.07,Paypal,"2022-01-31 12:00:00"
734,2646,961.85,"Credit Card","2022-01-31 13:00:00"
735,1918,327.67,"Bank Transfer","2022-01-31 14:00:00"
736,3797,484.75,"Credit Card","2022-01-31 15:00:00"
737,7506,813.60,"Credit Card","2022-01-31 16:00:00"
738,6870,761.32,"Bank Transfer","2022-01-31 17:00:00"
739,2531,273.14,Paypal,"2022-01-31 18:00:00"
740,9172,159.58,Paypal,"2022-01-31 19:00:00"
741,4345,703.70,Cash,"2022-01-31 20:00:00"
742,8673,265.08,"Bank Transfer","2022-01-31 21:00:00"
743,7949,923.45,"Credit Card","2022-01-31 22:00:00"
744,7882,137.96,"Bank Transfer","2022-01-31 23:00:00"
745,2906,325.13,"Credit Card","2022-02-01 00:00:00"
746,4086,64.24,Cash,"2022-02-01 01:00:00"
747,9152,706.27,Cash,"2022-02-01 02:00:00"
748,6750,892.35,Cash,"2022-02-01 03:00:00"
749,9905,639.52,Cash,"2022-02-01 04:00:00"
750,2062,938.38,"Credit Card","2022-02-01 05:00:00"
751,2976,137.22,Paypal,"2022-02-01 06:00:00"
752,2296,96.86,"Credit Card","2022-02-01 07:00:00"
753,7229,840.03,Cash,"2022-02-01 08:00:00"
754,8641,856.96,Paypal,"2022-02-01 09:00:00"
755,1125,832.73,"Bank Transfer","2022-02-01 10:00:00"
756,5632,800.98,"Credit Card","2022-02-01 11:00:00"
757,7288,368.61,"Bank Transfer","2022-02-01 12:00:00"
758,4596,225.29,Cash,"2022-02-01 13:00:00"
759,7168,929.52,"Bank Transfer","2022-02-01 14:00:00"
760,8561,313.93,Paypal,"2022-02-01 15:00:00"
761,9258,404.42,Paypal,"2022-02-01 16:00:00"
762,1232,702.56,Paypal,"2022-02-01 17:00:00"
763,7371,300.42,"Credit Card","2022-02-01 18:00:00"
764,5206,820.94,"Bank Transfer","2022-02-01 19:00:00"
765,8943,79.33,"Bank Transfer","2022-02-01 20:00:00"
766,7891,793.27,"Bank Transfer","2022-02-01 21:00:00"
767,7738,605.83,Cash,"2022-02-01 22:00:00"
768,3472,577.26,"Credit Card","2022-02-01 23:00:00"
769,3739,463.79,"Credit Card","2022-02-02 00:00:00"
770,6401,284.28,"Bank Transfer","2022-02-02 01:00:00"
771,2761,469.43,"Credit Card","2022-02-02 02:00:00"
772,1876,455.53,"Bank Transfer","2022-02-02 03:00:00"
773,4812,587.92,"Bank Transfer","2022-02-02 04:00:00"
774,2460,288.76,"Bank Transfer","2022-02-02 05:00:00"
775,2733,86.82,Paypal,"2022-02-02 06:00:00"
776,2605,153.64,Cash,"2022-02-02 07:00:00"
777,6622,702.19,"Credit Card","2022-02-02 08:00:00"
778,7767,32.27,Cash,"2022-02-02 09:00:00"
779,7986,857.88,Paypal,"2022-02-02 10:00:00"
780,4517,697.45,"Credit Card","2022-02-02 11:00:00"
781,4735,770.41,"Bank Transfer","2022-02-02 12:00:00"
782,9434,837.62,Cash,"2022-02-02 13:00:00"
783,3590,131.48,Paypal,"2022-02-02 14:00:00"
784,2063,824.23,"Credit Card","2022-02-02 15:00:00"
785,5324,509.60,"Credit Card","2022-02-02 16:00:00"
786,6342,886.67,Cash,"2022-02-02 17:00:00"
787,1005,887.72,Cash,"2022-02-02 18:00:00"
788,8489,33.94,"Credit Card","2022-02-02 19:00:00"
789,9659,389.04,"Credit Card","2022-02-02 20:00:00"
790,9195,531.13,Paypal,"2022-02-02 21:00:00"
791,6966,681.58,"Bank Transfer","2022-02-02 22:00:00"
792,9837,293.32,"Bank Transfer","2022-02-02 23:00:00"
793,1117,259.62,Paypal,"2022-02-03 00:00:00"
794,3551,387.45,"Credit Card","2022-02-03 01:00:00"
795,6560,505.93,Cash,"2022-02-03 02:00:00"
796,5289,951.63,Cash,"2022-02-03 03:00:00"
797,1846,764.49,"Credit Card","2022-02-03 04:00:00"
798,7316,435.03,Paypal,"2022-02-03 05:00:00"
799,7469,63.82,"Credit Card","2022-02-03 06:00:00"
800,9915,176.84,Cash,"2022-02-03 07:00:00"
801,1224,461.37,"Credit Card","2022-02-03 08:00:00"
802,5208,815.69,"Credit Card","2022-02-03 09:00:00"
803,7283,386.89,Paypal,"2022-02-03 10:00:00"
804,3048,543.11,"Bank Transfer","2022-02-03 11:00:00"
805,7233,892.89,Cash,"2022-02-03 12:00:00"
806,2828,914.66,Cash,"2022-02-03 13:00:00"
807,2917,223.62,"Credit Card","2022-02-03 14:00:00"
808,5234,53.16,Cash,"2022-02-03 15:00:00"
809,7988,312.36,Cash,"2022-02-03 16:00:00"
810,3026,698.84,"Bank Transfer","2022-02-03 17:00:00"
811,4744,951.60,Cash,"2022-02-03 18:00:00"
812,1009,86.26,Cash,"2022-02-03 19:00:00"
813,1260,38.20,Paypal,"2022-02-03 20:00:00"
814,7038,885.31,Paypal,"2022-02-03 21:00:00"
815,3219,750.66,Paypal,"2022-02-03 22:00:00"
816,8041,992.33,Paypal,"2022-02-03 23:00:00"
817,3060,402.82,Paypal,"2022-02-04 00:00:00"
818,6287,421.89,"Bank Transfer","2022-02-04 01:00:00"
819,2619,180.59,Cash,"2022-02-04 02:00:00"
820,9512,124.69,"Credit Card","2022-02-04 03:00:00"
821,2342,582.93,"Bank Transfer","2022-02-04 04:00:00"
822,3832,370.64,"Credit Card","2022-02-04 05:00:00"
823,3824,89.51,Paypal,"2022-02-04 06:00:00"
824,2994,888.12,Cash,"2022-02-04 07:00:00"
825,4490,206.37,Paypal,"2022-02-04 08:00:00"
826,8984,751.10,"Bank Transfer","2022-02-04 09:00:00"
827,2604,289.41,"Credit Card","2022-02-04 10:00:00"
828,1235,814.78,Cash,"2022-02-04 11:00:00"
829,2908,127.21,"Bank Transfer","2022-02-04 12:00:00"
830,9567,758.51,"Bank Transfer","2022-02-04 13:00:00"
831,4530,107.14,Cash,"2022-02-04 14:00:00"
832,6256,452.45,Cash,"2022-02-04 15:00:00"
833,3635,736.66,"Bank Transfer","2022-02-04 16:00:00"
834,9162,181.49,"Credit Card","2022-02-04 17:00:00"
835,3560,292.81,"Credit Card","2022-02-04 18:00:00"
836,6415,866.12,"Bank Transfer","2022-02-04 19:00:00"
837,4391,886.27,"Bank Transfer","2022-02-04 20:00:00"
838,6951,54.49,Paypal,"2022-02-04 21:00:00"
839,6468,176.41,Paypal,"2022-02-04 22:00:00"
840,9007,126.30,"Credit Card","2022-02-04 23:00:00"
841,7413,187.90,Paypal,"2022-02-05 00:00:00"
842,7941,970.49,"Credit Card","2022-02-05 01:00:00"
843,5820,556.14,Cash,"2022-02-05 02:00:00"
844,3898,473.43,Paypal,"2022-02-05 03:00:00"
845,8546,984.62,"Credit Card","2022-02-05 04:00:00"
846,1077,561.39,"Credit Card","2022-02-05 05:00:00"
847,8577,664.51,"Bank Transfer","2022-02-05 06:00:00"
848,5227,339.44,"Credit Card","2022-02-05 07:00:00"
849,1600,388.29,Paypal,"2022-02-05 08:00:00"
850,2065,598.47,"Bank Transfer","2022-02-05 09:00:00"
851,3136,79.09,"Bank Transfer","2022-02-05 10:00:00"
852,7943,263.32,Paypal,"2022-02-05 11:00:00"
853,8804,204.84,Cash,"2022-02-05 12:00:00"
854,7565,25.73,Paypal,"2022-02-05 13:00:00"
855,6984,541.53,Paypal,"2022-02-05 14:00:00"
856,6142,565.44,"Bank Transfer","2022-02-05 15:00:00"
857,5670,390.10,Paypal,"2022-02-05 16:00:00"
858,3190,276.04,Cash,"2022-02-05 17:00:00"
859,3712,655.54,Cash,"2022-02-05 18:00:00"
860,3192,143.31,Cash,"2022-02-05 19:00:00"
861,2248,523.43,"Bank Transfer","2022-02-05 20:00:00"
862,5033,770.39,Paypal,"2022-02-05 21:00:00"
863,2997,172.66,"Credit Card","2022-02-05 22:00:00"
864,4687,755.73,Paypal,"2022-02-05 23:00:00"
865,5018,763.19,Cash,"2022-02-06 00:00:00"
866,2970,69.33,Paypal,"2022-02-06 01:00:00"
867,9389,28.60,"Bank Transfer","2022-02-06 02:00:00"
868,6765,974.20,Paypal,"2022-02-06 03:00:00"
869,2202,201.45,"Bank Transfer","2022-02-06 04:00:00"
870,9135,823.92,"Credit Card","2022-02-06 05:00:00"
871,6567,566.23,"Credit Card","2022-02-06 06:00:00"
872,8667,271.83,"Bank Transfer","2022-02-06 07:00:00"
873,6742,138.67,Paypal,"2022-02-06 08:00:00"
874,6788,501.71,Cash,"2022-02-06 09:00:00"
875,6408,413.28,"Bank Transfer","2022-02-06 10:00:00"
876,9669,701.90,Paypal,"2022-02-06 11:00:00"
877,1922,905.13,Paypal,"2022-02-06 12:00:00"
878,1419,807.20,Paypal,"2022-02-06 13:00:00"
879,3204,281.71,Cash,"2022-02-06 14:00:00"
880,2120,880.14,Cash,"2022-02-06 15:00:00"
881,1950,835.06,Cash,"2022-02-06 16:00:00"
882,3336,929.84,"Bank Transfer","2022-02-06 17:00:00"
883,6373,464.07,"Bank Transfer","2022-02-06 18:00:00"
884,3243,770.89,Cash,"2022-02-06 19:00:00"
885,3645,595.74,"Bank Transfer","2022-02-06 20:00:00"
886,5612,317.40,Cash,"2022-02-06 21:00:00"
887,2865,994.49,"Bank Transfer","2022-02-06 22:00:00"
888,7028,47.92,Paypal,"2022-02-06 23:00:00"
889,8326,170.65,Cash,"2022-02-07 00:00:00"
890,7371,893.62,"Bank Transfer","2022-02-07 01:00:00"
891,7359,69.96,Paypal,"2022-02-07 02:00:00"
892,8863,887.95,Paypal,"2022-02-07 03:00:00"
893,4228,718.07,"Bank Transfer","2022-02-07 04:00:00"
894,4719,46.32,Paypal,"2022-02-07 05:00:00"
895,3371,435.03,"Credit Card","2022-02-07 06:00:00"
896,3891,756.93,Cash,"2022-02-07 07:00:00"
897,4756,587.27,Cash,"2022-02-07 08:00:00"
898,5225,936.51,Paypal,"2022-02-07 09:00:00"
899,1094,868.97,"Bank Transfer","2022-02-07 10:00:00"
900,3674,339.32,"Credit Card","2022-02-07 11:00:00"
901,7898,93.78,"Bank Transfer","2022-02-07 12:00:00"
902,1793,944.81,Cash,"2022-02-07 13:00:00"
903,3116,522.11,Paypal,"2022-02-07 14:00:00"
904,6779,83.65,"Credit Card","2022-02-07 15:00:00"
905,7166,818.41,Paypal,"2022-02-07 16:00:00"
906,1814,869.82,"Credit Card","2022-02-07 17:00:00"
907,1345,643.03,Paypal,"2022-02-07 18:00:00"
908,9554,453.03,"Bank Transfer","2022-02-07 19:00:00"
909,3443,665.55,Cash,"2022-02-07 20:00:00"
910,8783,709.62,Paypal,"2022-02-07 21:00:00"
911,1984,894.10,Paypal,"2022-02-07 22:00:00"
912,8790,956.30,"Credit Card","2022-02-07 23:00:00"
913,1827,519.18,"Bank Transfer","2022-02-08 00:00:00"
914,4531,800.51,"Bank Transfer","2022-02-08 01:00:00"
915,8147,964.86,"Credit Card","2022-02-08 02:00:00"
916,5451,159.73,"Bank Transfer","2022-02-08 03:00:00"
917,4876,28.09,Cash,"2022-02-08 04:00:00"
918,6959,870.27,Paypal,"2022-02-08 05:00:00"
919,1126,203.32,"Credit Card","2022-02-08 06:00:00"
920,4177,52.05,"Bank Transfer","2022-02-08 07:00:00"
921,9795,168.50,Cash,"2022-02-08 08:00:00"
922,7024,390.27,Cash,"2022-02-08 09:00:00"
923,6109,227.07,"Bank Transfer","2022-02-08 10:00:00"
924,5146,312.20,"Bank Transfer","2022-02-08 11:00:00"
925,8196,975.54,"Credit Card","2022-02-08 12:00:00"
926,4368,707.36,"Bank Transfer","2022-02-08 13:00:00"
927,4797,715.07,"Credit Card","2022-02-08 14:00:00"
928,2792,103.74,Paypal,"2022-02-08 15:00:00"
929,6732,734.78,Cash,"2022-02-08 16:00:00"
930,4476,741.95,"Credit Card","2022-02-08 17:00:00"
931,4417,663.15,Cash,"2022-02-08 18:00:00"
932,2645,236.15,Paypal,"2022-02-08 19:00:00"
933,4030,428.81,"Bank Transfer","2022-02-08 20:00:00"
934,3872,847.81,"Credit Card","2022-02-08 21:00:00"
935,4072,673.50,"Bank Transfer","2022-02-08 22:00:00"
936,2854,735.44,Cash,"2022-02-08 23:00:00"
937,5021,591.50,"Credit Card","2022-02-09 00:00:00"
938,5662,455.09,Paypal,"2022-02-09 01:00:00"
939,7514,761.46,Paypal,"2022-02-09 02:00:00"
940,6031,77.25,"Bank Transfer","2022-02-09 03:00:00"
941,3708,676.43,Paypal,"2022-02-09 04:00:00"
942,8112,997.23,Paypal,"2022-02-09 05:00:00"
943,9393,782.39,"Bank Transfer","2022-02-09 06:00:00"
944,4507,297.66,"Bank Transfer","2022-02-09 07:00:00"
945,7456,285.04,"Credit Card","2022-02-09 08:00:00"
946,5212,670.55,"Credit Card","2022-02-09 09:00:00"
947,8970,896.90,"Bank Transfer","2022-02-09 10:00:00"
948,9766,582.17,Cash,"2022-02-09 11:00:00"
949,1536,532.13,Cash,"2022-02-09 12:00:00"
950,2625,168.78,"Credit Card","2022-02-09 13:00:00"
951,8973,718.30,"Credit Card","2022-02-09 14:00:00"
952,9577,705.28,"Bank Transfer","2022-02-09 15:00:00"
953,9070,967.28,Cash,"2022-02-09 16:00:00"
954,9666,307.19,"Bank Transfer","2022-02-09 17:00:00"
955,9609,758.88,"Credit Card","2022-02-09 18:00:00"
956,7490,439.72,Paypal,"2022-02-09 19:00:00"
957,4600,562.89,Paypal,"2022-02-09 20:00:00"
958,7783,818.29,Paypal,"2022-02-09 21:00:00"
959,5971,229.78,"Bank Transfer","2022-02-09 22:00:00"
960,2205,349.44,Cash,"2022-02-09 23:00:00"
961,2990,775.58,"Credit Card","2022-02-10 00:00:00"
962,6299,574.75,Cash,"2022-02-10 01:00:00"
963,4572,101.50,Cash,"2022-02-10 02:00:00"
964,6975,435.88,"Credit Card","2022-02-10 03:00:00"
965,7320,590.77,Cash,"2022-02-10 04:00:00"
966,5380,910.42,Paypal,"2022-02-10 05:00:00"
967,5757,196.60,"Credit Card","2022-02-10 06:00:00"
968,3713,807.89,Paypal,"2022-02-10 07:00:00"
969,6588,139.32,"Bank Transfer","2022-02-10 08:00:00"
970,1966,249.81,Paypal,"2022-02-10 09:00:00"
971,5944,250.91,"Bank Transfer","2022-02-10 10:00:00"
972,4432,878.70,"Bank Transfer","2022-02-10 11:00:00"
973,1688,207.03,"Credit Card","2022-02-10 12:00:00"
974,5243,789.09,Paypal,"2022-02-10 13:00:00"
975,4701,467.19,Paypal,"2022-02-10 14:00:00"
976,9533,999.10,Paypal,"2022-02-10 15:00:00"
977,6182,840.70,"Credit Card","2022-02-10 16:00:00"
978,7704,742.31,"Bank Transfer","2022-02-10 17:00:00"
979,5422,872.02,"Bank Transfer","2022-02-10 18:00:00"
980,2759,637.69,"Bank Transfer","2022-02-10 19:00:00"
981,3482,845.22,"Credit Card","2022-02-10 20:00:00"
982,9058,268.52,"Credit Card","2022-02-10 21:00:00"
983,1951,106.73,Cash,"2022-02-10 22:00:00"
984,9914,619.77,Paypal,"2022-02-10 23:00:00"
985,3079,440.34,"Bank Transfer","2022-02-11 00:00:00"
986,3717,432.18,Cash,"2022-02-11 01:00:00"
987,5524,531.48,Cash,"2022-02-11 02:00:00"
988,9477,367.77,Paypal,"2022-02-11 03:00:00"
989,8311,629.80,"Credit Card","2022-02-11 04:00:00"
990,8186,40.26,Cash,"2022-02-11 05:00:00"
991,3065,970.19,"Credit Card","2022-02-11 06:00:00"
992,1768,925.46,"Credit Card","2022-02-11 07:00:00"
993,6490,935.92,Paypal,"2022-02-11 08:00:00"
994,7645,371.35,Cash,"2022-02-11 09:00:00"
995,6083,536.57,"Bank Transfer","2022-02-11 10:00:00"
996,6232,954.59,Cash,"2022-02-11 11:00:00"
997,6797,903.32,"Bank Transfer","2022-02-11 12:00:00"
998,5926,792.34,"Bank Transfer","2022-02-11 13:00:00"
999,7016,413.26,"Credit Card","2022-02-11 14:00:00"
1000,4335,568.70,"Bank Transfer","2022-02-11 15:00:00"
